,GHI,DNI,DHI,ModA,ModB,Tamb,RH,WS,WSgust,WSstdev,WD,WDstdev,BP,Cleaning,Precipitation,TModA,TModB,Comments
count,525600.0,525600.0,525600.0,525600.0,525600.0,525600.0,525600.0,525600.0,525600.0,525600.0,525600.0,525600.0,525600.0,525600.0,525600.0,525600.0,525600.0,0.0
mean,240.559452435312,167.18751598173515,115.35896080669708,236.5894961948249,228.883575913242,28.179682838660575,54.4879691780822,2.121112823439878,2.8091948249619483,0.4733896499238964,153.43517199391172,8.582406582952814,994.197199391172,0.0009227549467275495,0.001904870624048706,35.2460256849315,32.47173554033485,
std,331.13132727528244,261.71050061955896,158.6910738593437,326.89485851419147,316.5365153795055,5.924296981332082,28.07306878119814,1.603465884535921,2.0291196517763033,0.27339462137399945,102.33284204711737,6.385864053159715,2.4749931979875104,0.0303628922211483,0.03711520540656333,14.807257528635596,12.348743384103857,
min,-12.9,-7.8,-12.6,0.0,0.0,11.0,2.1,0.0,0.0,0.0,0.0,0.0,985.0,0.0,0.0,9.0,8.1,
25%,-2.0,-0.5,-2.1,0.0,0.0,24.2,28.8,1.0,1.3,0.4,59.0,3.7,993.0,0.0,0.0,24.2,23.6,
50%,1.8,-0.1,1.6,4.5,4.3,28.0,55.1,1.9,2.6,0.5,181.0,8.6,994.0,0.0,0.0,30.0,28.9,
75%,483.4,314.2,216.3,463.7,447.9,32.3,80.1,3.1,4.1,0.6,235.1,12.3,996.0,0.0,0.0,46.9,41.5,
max,1413.0,952.3,759.2,1342.3,1342.3,43.8,100.0,19.5,26.6,4.2,360.0,99.4,1003.0,1.0,2.5,81.0,72.5,
